target_date_utc,wind_curtailment_mwh,solar_curtailment_mwh,source_curtailment_total_mwh,wind_share
2023-04-01,1048.659000,5.469000,1054.128000,0.994812
2023-04-02,437.050000,0.000000,437.050000,1.000000
2023-04-03,488.214000,0.000000,488.214000,1.000000
2023-04-04,500.849000,1.605000,502.454000,0.996806
2023-04-05,0.000000,0.000000,0.000000,
2023-04-06,0.000000,0.000000,0.000000,
2023-04-07,33.322000,0.000000,33.322000,1.000000
2023-04-08,3899.266000,1.152000,3900.418000,0.999705
2023-04-09,5536.553000,4.815000,5541.368000,0.999131
2023-04-10,6974.051000,21.284000,6995.335000,0.996957
2023-04-11,1554.005000,0.155000,1554.160000,0.999900
2023-04-12,1928.956000,0.037000,1928.993000,0.999981
2023-04-13,5.566000,0.000000,5.566000,1.000000
2023-04-14,0.000000,0.000000,0.000000,
2023-04-15,791.498000,0.154000,791.652000,0.999805
2023-04-16,0.000000,0.000000,0.000000,
2023-04-17,0.000000,0.000000,0.000000,
2023-04-18,0.000000,0.000000,0.000000,
2023-04-19,0.000000,0.000000,0.000000,
2023-04-20,4081.202000,7.779000,4088.981000,0.998098
2023-04-21,596.168000,0.000000,596.168000,1.000000
2023-04-22,0.000000,0.000000,0.000000,
2023-04-23,0.000000,0.000000,0.000000,
2023-04-24,0.000000,0.000000,0.000000,
2023-04-25,0.000000,0.000000,0.000000,
2023-04-26,0.000000,0.000000,0.000000,
2023-04-27,0.000000,0.000000,0.000000,
2023-04-28,0.000000,0.000000,0.000000,
2023-04-29,0.000000,0.000000,0.000000,
2023-04-30,0.000000,0.000000,0.000000,
2023-05-01,0.000000,0.000000,0.000000,
2023-05-02,0.000000,0.000000,0.000000,
2023-05-03,382.476000,0.000000,382.476000,1.000000
2023-05-04,464.111000,0.000000,464.111000,1.000000
2023-05-05,0.000000,0.000000,0.000000,
2023-05-06,0.000000,0.000000,0.000000,
2023-05-07,1036.701000,3.099000,1039.800000,0.997020
2023-05-08,390.276000,0.000000,390.276000,1.000000
2023-05-09,0.000000,0.000000,0.000000,
2023-05-10,91.057000,0.000000,91.057000,1.000000
2023-05-11,54.716000,0.000000,54.716000,1.000000
2023-05-12,0.000000,0.000000,0.000000,
2023-05-13,0.000000,0.000000,0.000000,
2023-05-14,0.000000,0.000000,0.000000,
2023-05-15,0.000000,0.000000,0.000000,
2023-05-16,0.000000,0.000000,0.000000,
2023-05-17,0.000000,0.000000,0.000000,
2023-05-18,0.000000,0.000000,0.000000,
2023-05-19,0.000000,0.000000,0.000000,
2023-05-20,0.000000,0.000000,0.000000,
2023-05-21,0.000000,0.000000,0.000000,
2023-05-22,0.000000,0.000000,0.000000,
2023-05-23,0.000000,0.000000,0.000000,
2023-05-24,0.000000,0.000000,0.000000,
2023-05-25,0.000000,0.000000,0.000000,
2023-05-26,0.000000,0.000000,0.000000,
2023-05-27,0.000000,0.000000,0.000000,
2023-05-28,0.000000,0.000000,0.000000,
2023-05-29,0.000000,0.000000,0.000000,
2023-05-30,0.000000,0.000000,0.000000,
2023-05-31,0.000000,0.000000,0.000000,
2023-06-01,0.000000,0.000000,0.000000,
2023-06-02,0.000000,0.000000,0.000000,
2023-06-03,0.000000,0.000000,0.000000,
2023-06-04,0.000000,0.000000,0.000000,
2023-06-05,0.000000,0.000000,0.000000,
2023-06-06,0.000000,0.000000,0.000000,
2023-06-07,0.000000,0.000000,0.000000,
2023-06-08,0.000000,0.000000,0.000000,
2023-06-09,0.000000,0.000000,0.000000,
2023-06-10,0.000000,0.000000,0.000000,
2023-06-11,0.000000,0.000000,0.000000,
2023-06-12,0.000000,0.000000,0.000000,
2023-06-13,0.000000,0.000000,0.000000,
2023-06-14,0.000000,0.000000,0.000000,
2023-06-15,0.000000,0.000000,0.000000,
2023-06-16,0.000000,0.000000,0.000000,
2023-06-17,0.000000,0.000000,0.000000,
2023-06-18,0.000000,0.000000,0.000000,
2023-06-19,0.000000,0.000000,0.000000,
2023-06-20,0.000000,0.000000,0.000000,
2023-06-21,0.000000,0.000000,0.000000,
2023-06-22,0.000000,0.000000,0.000000,
2023-06-23,0.000000,0.000000,0.000000,
2023-06-24,1740.073000,42.849000,1782.922000,0.975967
2023-06-25,261.120000,1.404000,262.524000,0.994652
2023-06-26,108.382000,0.016000,108.398000,0.999852
2023-06-27,0.000000,0.000000,0.000000,
2023-06-28,0.000000,0.000000,0.000000,
2023-06-29,0.000000,0.000000,0.000000,
2023-06-30,1331.215000,32.418000,1363.633000,0.976227
2023-07-01,10431.159000,848.839000,11279.998000,0.924748
2023-07-02,3227.035000,390.554000,3617.589000,0.892040
2023-07-03,7406.584000,364.212000,7770.796000,0.953131
2023-07-04,0.000000,0.000000,0.000000,
2023-07-05,0.000000,0.000000,0.000000,
2023-07-06,49.954000,0.000000,49.954000,1.000000
2023-07-07,465.085000,27.711000,492.796000,0.943768
2023-07-08,112.551000,15.752000,128.303000,0.877228
2023-07-09,0.000000,0.000000,0.000000,
2023-07-10,0.000000,0.000000,0.000000,
2023-07-11,0.000000,0.000000,0.000000,
2023-07-12,180.547000,0.000000,180.547000,1.000000
2023-07-13,0.199000,0.000000,0.199000,1.000000
2023-07-14,0.000000,0.000000,0.000000,
2023-07-15,7309.093000,327.972000,7637.065000,0.957055
2023-07-16,2433.231000,27.795000,2461.026000,0.988706
2023-07-17,0.000000,0.000000,0.000000,
2023-07-18,0.000000,0.000000,0.000000,
2023-07-19,0.000000,0.000000,0.000000,
2023-07-20,0.000000,0.000000,0.000000,
2023-07-21,0.000000,0.000000,0.000000,
2023-07-22,0.000000,0.000000,0.000000,
2023-07-23,0.000000,0.000000,0.000000,
2023-07-24,0.000000,0.000000,0.000000,
2023-07-25,0.000000,0.000000,0.000000,
2023-07-26,0.000000,0.000000,0.000000,
2023-07-27,0.000000,0.000000,0.000000,
2023-07-28,0.000000,0.000000,0.000000,
2023-07-29,6408.762000,478.160000,6886.922000,0.930570
2023-07-30,3007.341000,13.033000,3020.374000,0.995685
2023-07-31,3811.217000,78.820000,3890.037000,0.979738
2023-08-01,0.000000,0.000000,0.000000,
2023-08-02,175.176000,10.909000,186.085000,0.941376
2023-08-03,4186.146000,271.949000,4458.095000,0.938999
2023-08-04,483.791000,0.174000,483.965000,0.999640
2023-08-05,3823.703000,198.887000,4022.590000,0.950557
2023-08-06,426.635000,87.095000,513.730000,0.830465
2023-08-07,0.000000,0.000000,0.000000,
2023-08-08,0.000000,0.000000,0.000000,
2023-08-09,0.000000,0.000000,0.000000,
2023-08-10,38.250000,0.000000,38.250000,1.000000
2023-08-11,110.325000,25.831000,136.156000,0.810284
2023-08-12,2885.000000,363.433000,3248.433000,0.888121
2023-08-13,2.212000,0.000000,2.212000,1.000000
2023-08-14,0.000000,0.000000,0.000000,
2023-08-15,0.000000,0.000000,0.000000,
2023-08-16,0.000000,0.000000,0.000000,
2023-08-17,1855.381000,22.787000,1878.168000,0.987867
2023-08-18,2936.973000,3.817000,2940.790000,0.998702
2023-08-19,1909.686000,298.733000,2208.419000,0.864730
2023-08-20,1056.238000,183.244000,1239.482000,0.852161
2023-08-21,832.024000,0.123000,832.147000,0.999852
2023-08-22,100.135000,0.054000,100.189000,0.999461
2023-08-23,0.000000,0.000000,0.000000,
2023-08-24,0.000000,0.000000,0.000000,
2023-08-25,0.000000,0.000000,0.000000,
2023-08-26,0.000000,0.000000,0.000000,
2023-08-27,104.761000,15.015000,119.776000,0.874641
2023-08-28,0.000000,0.000000,0.000000,
2023-08-29,0.029000,0.000000,0.029000,1.000000
2023-08-30,0.000000,0.000000,0.000000,
2023-08-31,0.000000,0.000000,0.000000,
2023-09-01,0.000000,0.000000,0.000000,
2023-09-02,0.000000,0.000000,0.000000,
2023-09-03,0.000000,0.000000,0.000000,
2023-09-04,0.001000,0.000000,0.001000,1.000000
2023-09-05,115.611000,2.903000,118.514000,0.975505
2023-09-06,0.000000,0.000000,0.000000,
2023-09-07,0.000000,0.000000,0.000000,
2023-09-08,0.000000,0.000000,0.000000,
2023-09-09,0.000000,0.000000,0.000000,
2023-09-10,0.000000,0.000000,0.000000,
2023-09-11,0.000000,0.000000,0.000000,
2023-09-12,0.000000,0.000000,0.000000,
2023-09-13,0.000000,0.000000,0.000000,
2023-09-14,0.000000,0.000000,0.000000,
2023-09-15,0.000000,0.000000,0.000000,
2023-09-16,831.036000,29.500000,860.536000,0.965719
2023-09-17,4.997000,0.000000,4.997000,1.000000
2023-09-18,4570.902000,285.590000,4856.492000,0.941194
2023-09-19,6316.429000,69.190000,6385.619000,0.989165
2023-09-20,6118.874000,567.332000,6686.206000,0.915149
2023-09-21,0.000000,0.000000,0.000000,
2023-09-22,0.000000,0.000000,0.000000,
2023-09-23,2081.040000,83.077000,2164.117000,0.961612
2023-09-24,15324.490000,90.584000,15415.074000,0.994124
2023-09-25,9083.634000,631.976000,9715.610000,0.934953
2023-09-26,806.184000,39.916000,846.100000,0.952824
2023-09-27,1835.188000,0.067000,1835.255000,0.999963
2023-09-28,2196.741000,17.226000,2213.967000,0.992219
2023-09-29,2140.438000,131.846000,2272.284000,0.941976
2023-09-30,142.966000,0.023000,142.989000,0.999839
2023-10-01,1042.498000,0.010000,1042.508000,0.999990
2023-10-02,0.000000,0.000000,0.000000,
2023-10-03,6012.733000,458.730000,6471.463000,0.929115
2023-10-04,2210.980000,68.022000,2279.002000,0.970153
2023-10-05,1862.357000,25.191000,1887.548000,0.986654
2023-10-06,3772.955000,3.680000,3776.635000,0.999026
2023-10-07,1387.586000,52.257000,1439.843000,0.963706
2023-10-08,0.000000,0.000000,0.000000,
2023-10-09,0.000000,0.000000,0.000000,
2023-10-10,1314.293000,0.688000,1314.981000,0.999477
2023-10-11,2187.886000,0.013000,2187.899000,0.999994
2023-10-12,0.000000,0.000000,0.000000,
2023-10-13,4677.490000,567.049000,5244.539000,0.891878
2023-10-14,1767.146000,51.661000,1818.807000,0.971596
2023-10-15,0.000000,0.000000,0.000000,
2023-10-16,3.076000,0.000000,3.076000,1.000000
2023-10-17,552.411000,0.170000,552.581000,0.999692
2023-10-18,4618.472000,128.152000,4746.624000,0.973001
2023-10-19,487.483000,0.140000,487.623000,0.999713
2023-10-20,150.941000,0.013000,150.954000,0.999914
2023-10-21,11.169000,0.005000,11.174000,0.999553
2023-10-22,0.000000,0.000000,0.000000,
2023-10-23,0.000000,0.000000,0.000000,
2023-10-24,0.000000,0.000000,0.000000,
2023-10-25,0.000000,0.000000,0.000000,
2023-10-26,0.000000,0.000000,0.000000,
2023-10-27,0.000000,0.000000,0.000000,
2023-10-28,0.000000,0.000000,0.000000,
2023-10-29,0.000000,0.000000,0.000000,
2023-10-30,0.000000,0.000000,0.000000,
2023-10-31,8.304000,0.012000,8.316000,0.998557
2023-11-01,3148.284000,134.761000,3283.045000,0.958952
2023-11-02,585.027000,1.105000,586.132000,0.998115
2023-11-03,3438.997000,1.938000,3440.935000,0.999437
2023-11-04,540.963000,0.234000,541.197000,0.999568
2023-11-05,327.462000,0.101000,327.563000,0.999692
2023-11-06,1916.604000,0.343000,1916.947000,0.999821
2023-11-07,858.257000,1.531000,859.788000,0.998219
2023-11-08,921.878000,5.253000,927.131000,0.994334
2023-11-09,1505.375000,6.798000,1512.173000,0.995504
2023-11-10,95.341000,0.702000,96.043000,0.992691
2023-11-11,888.948000,0.223000,889.171000,0.999749
2023-11-12,3472.425000,0.521000,3472.946000,0.999850
2023-11-13,9899.489000,256.935000,10156.424000,0.974702
2023-11-14,1668.907000,3.230000,1672.137000,0.998068
2023-11-15,1954.878000,2.016000,1956.894000,0.998970
2023-11-16,0.000000,0.000000,0.000000,
2023-11-17,40.175000,0.041000,40.216000,0.998981
2023-11-18,4651.414000,44.839000,4696.253000,0.990452
2023-11-19,9782.466000,37.009000,9819.475000,0.996231
2023-11-20,1987.010000,0.285000,1987.295000,0.999857
2023-11-21,0.000000,0.000000,0.000000,
2023-11-22,0.000000,0.000000,0.000000,
2023-11-23,1367.457000,0.453000,1367.910000,0.999669
2023-11-24,0.000000,0.000000,0.000000,
2023-11-25,0.000000,0.000000,0.000000,
2023-11-26,0.000000,0.000000,0.000000,
2023-11-27,0.000000,0.000000,0.000000,
2023-11-28,0.000000,0.000000,0.000000,
2023-11-29,0.000000,0.000000,0.000000,
2023-11-30,0.000000,0.000000,0.000000,
2023-12-01,0.000000,0.000000,0.000000,
2023-12-02,0.000000,0.000000,0.000000,
2023-12-03,0.000000,0.000000,0.000000,
2023-12-04,586.274000,0.164000,586.438000,0.999720
2023-12-05,605.750000,0.356000,606.106000,0.999413
2023-12-06,1899.773000,0.383000,1900.156000,0.999798
2023-12-07,1.327000,0.000000,1.327000,1.000000
2023-12-08,3181.992000,2.361000,3184.353000,0.999259
2023-12-09,6793.941000,202.540000,6996.481000,0.971051
2023-12-10,4865.939000,106.303000,4972.242000,0.978621
2023-12-11,594.504000,0.047000,594.551000,0.999921
2023-12-12,437.438000,0.081000,437.519000,0.999815
2023-12-13,2173.489000,0.255000,2173.744000,0.999883
2023-12-14,362.276000,0.137000,362.413000,0.999622
2023-12-15,415.040000,0.097000,415.137000,0.999766
2023-12-16,3892.917000,2.300000,3895.217000,0.999410
2023-12-17,7670.566000,116.853000,7787.419000,0.984995
2023-12-18,2183.588000,0.452000,2184.040000,0.999793
2023-12-19,1213.472000,0.104000,1213.576000,0.999914
2023-12-20,14289.694000,11.144000,14300.838000,0.999221
2023-12-21,17486.407000,223.988000,17710.395000,0.987353
2023-12-22,15433.109000,131.788000,15564.897000,0.991533
2023-12-23,22804.370000,98.018000,22902.388000,0.995720
2023-12-24,25600.624000,145.821000,25746.445000,0.994336
2023-12-25,16417.620000,20.145000,16437.765000,0.998774
2023-12-26,6197.680000,0.430000,6198.110000,0.999931
2023-12-27,11405.648000,142.253000,11547.901000,0.987681
2023-12-28,17856.727000,252.023000,18108.750000,0.986083
2023-12-29,7520.464000,0.422000,7520.886000,0.999944
2023-12-30,11805.935000,41.807000,11847.742000,0.996471
2023-12-31,13533.140000,67.319000,13600.459000,0.995050
2024-01-01,5662.113000,1.229000,5663.342000,0.999783
2024-01-02,7348.498000,0.420000,7348.918000,0.999943
2024-01-03,0.000000,0.000000,0.000000,
2024-01-04,26.090000,0.016000,26.106000,0.999387
2024-01-05,0.000000,0.000000,0.000000,
2024-01-06,0.000000,0.000000,0.000000,
2024-01-07,0.000000,0.000000,0.000000,
2024-01-08,0.000000,0.000000,0.000000,
2024-01-09,0.000000,0.000000,0.000000,
2024-01-10,0.000000,0.000000,0.000000,
2024-01-11,0.000000,0.000000,0.000000,
2024-01-12,0.000000,0.000000,0.000000,
2024-01-13,0.000000,0.000000,0.000000,
2024-01-14,0.000000,0.000000,0.000000,
2024-01-15,0.000000,0.000000,0.000000,
2024-01-16,0.000000,0.000000,0.000000,
2024-01-17,0.000000,0.000000,0.000000,
2024-01-18,0.000000,0.000000,0.000000,
2024-01-19,200.720000,0.218000,200.938000,0.998915
2024-01-20,4996.993000,25.742000,5022.735000,0.994875
2024-01-21,6030.532000,3.472000,6034.004000,0.999425
2024-01-22,3638.602000,261.647000,3900.249000,0.932915
2024-01-23,4605.976000,57.093000,4663.069000,0.987756
2024-01-24,5264.547000,0.437000,5264.984000,0.999917
2024-01-25,1105.090000,16.272000,1121.362000,0.985489
2024-01-26,2112.895000,28.835000,2141.730000,0.986537
2024-01-27,1452.289000,11.797000,1464.086000,0.991942
2024-01-28,7571.950000,139.844000,7711.794000,0.981866
2024-01-29,0.000000,0.000000,0.000000,
2024-01-30,0.000000,0.000000,0.000000,
2024-01-31,3439.908000,8.067000,3447.975000,0.997660
2024-02-01,41.865000,0.031000,41.896000,0.999260
2024-02-02,4207.011000,59.242000,4266.253000,0.986114
2024-02-03,3871.069000,0.511000,3871.580000,0.999868
2024-02-04,12249.598000,383.770000,12633.368000,0.969623
2024-02-05,14754.217000,64.939000,14819.156000,0.995618
2024-02-06,8565.196000,0.515000,8565.711000,0.999940
2024-02-07,229.083000,0.064000,229.147000,0.999721
2024-02-08,660.091000,0.087000,660.178000,0.999868
2024-02-09,0.000000,0.000000,0.000000,
2024-02-10,0.000000,0.000000,0.000000,
2024-02-11,0.000000,0.000000,0.000000,
2024-02-12,0.000000,0.000000,0.000000,
2024-02-13,0.000000,0.000000,0.000000,
2024-02-14,0.000000,0.000000,0.000000,
2024-02-15,0.000000,0.000000,0.000000,
2024-02-16,0.000000,0.000000,0.000000,
2024-02-17,0.000000,0.000000,0.000000,
2024-02-18,247.806000,0.069000,247.875000,0.999722
2024-02-19,3112.996000,0.366000,3113.362000,0.999882
2024-02-20,1932.366000,59.853000,1992.219000,0.969957
2024-02-21,2837.091000,122.388000,2959.479000,0.958645
2024-02-22,171.848000,0.041000,171.889000,0.999761
2024-02-23,0.262000,0.000000,0.262000,1.000000
2024-02-24,334.504000,0.077000,334.581000,0.999770
2024-02-25,2180.743000,0.592000,2181.335000,0.999729
2024-02-26,1985.007000,0.125000,1985.132000,0.999937
2024-02-27,163.057000,0.038000,163.095000,0.999767
2024-02-28,351.948000,0.138000,352.086000,0.999608
2024-02-29,373.975000,0.059000,374.034000,0.999842
2024-03-01,1758.136000,0.181000,1758.317000,0.999897
2024-03-02,642.082000,68.001000,710.083000,0.904235
2024-03-03,307.881000,0.151000,308.032000,0.999510
2024-03-04,1871.477000,12.384000,1883.861000,0.993426
2024-03-05,2989.003000,0.419000,2989.422000,0.999860
2024-03-06,1139.904000,86.921000,1226.825000,0.929150
2024-03-07,1527.634000,236.414000,1764.048000,0.865982
2024-03-08,4905.195000,169.918000,5075.113000,0.966519
2024-03-09,4538.181000,21.004000,4559.185000,0.995393
2024-03-10,0.000000,0.000000,0.000000,
2024-03-11,0.000000,0.000000,0.000000,
2024-03-12,1324.281000,0.248000,1324.529000,0.999813
2024-03-13,4226.806000,0.746000,4227.552000,0.999824
2024-03-14,157.640000,13.613000,171.253000,0.920509
2024-03-15,658.385000,0.153000,658.538000,0.999768
2024-03-16,0.000000,0.000000,0.000000,
2024-03-17,1680.820000,105.238000,1786.058000,0.941078
2024-03-18,2565.840000,36.986000,2602.826000,0.985790
2024-03-19,1161.986000,0.285000,1162.271000,0.999755
2024-03-20,0.000000,0.000000,0.000000,
2024-03-21,1027.933000,0.017000,1027.950000,0.999983
2024-03-22,2471.723000,171.187000,2642.910000,0.935228
2024-03-23,11052.984000,1408.539000,12461.523000,0.886969
2024-03-24,114.523000,0.082000,114.605000,0.999284
2024-03-25,854.175000,0.316000,854.491000,0.999630
2024-03-26,13.644000,0.003000,13.647000,0.999780
2024-03-27,481.847000,0.132000,481.979000,0.999726
2024-03-28,0.000000,0.000000,0.000000,
2024-03-29,0.000000,0.000000,0.000000,
2024-03-30,1664.911000,493.777000,2158.688000,0.771261
2024-03-31,0.000000,0.213000,0.213000,0.000000
2024-04-01,0.000000,0.042000,0.042000,0.000000
2024-04-02,0.000000,0.000000,0.000000,
2024-04-03,0.000000,0.238000,0.238000,0.000000
2024-04-04,286.547000,0.048000,286.595000,0.999833
2024-04-05,8106.550000,399.856000,8506.406000,0.952994
2024-04-06,21717.267000,723.302000,22440.569000,0.967768
2024-04-07,20480.226000,1154.053000,21634.279000,0.946656
2024-04-08,579.971000,0.037000,580.008000,0.999936
2024-04-09,6582.011000,1122.718000,7704.729000,0.854282
2024-04-10,9330.823000,120.336000,9451.159000,0.987268
2024-04-11,6904.879000,12.530000,6917.409000,0.998189
2024-04-12,3008.677000,379.022000,3387.699000,0.888118
2024-04-13,14774.655000,1833.186000,16607.841000,0.889619
2024-04-14,11320.730000,493.495000,11814.225000,0.958229
2024-04-15,16643.196000,1720.171000,18363.367000,0.906326
2024-04-16,3229.823000,0.689000,3230.512000,0.999787
2024-04-17,0.000000,0.000000,0.000000,
2024-04-18,0.000000,0.000000,0.000000,
2024-04-19,0.000000,0.000000,0.000000,
2024-04-20,0.000000,0.000000,0.000000,
2024-04-21,0.000000,0.000000,0.000000,
2024-04-22,0.000000,0.000000,0.000000,
2024-04-23,0.000000,0.000000,0.000000,
2024-04-24,0.000000,0.000000,0.000000,
2024-04-25,0.000000,0.000000,0.000000,
2024-04-26,0.000000,0.000000,0.000000,
2024-04-27,0.000000,0.000000,0.000000,
2024-04-28,212.292000,80.068000,292.360000,0.726132
2024-04-29,1649.464000,301.304000,1950.768000,0.845546
2024-04-30,0.000000,0.000000,0.000000,
2024-05-01,0.000000,0.000000,0.000000,
2024-05-02,0.000000,0.000000,0.000000,
2024-05-03,0.000000,0.000000,0.000000,
2024-05-04,0.000000,0.000000,0.000000,
2024-05-05,0.000000,0.000000,0.000000,
2024-05-06,0.000000,0.000000,0.000000,
2024-05-07,0.000000,0.000000,0.000000,
2024-05-08,0.000000,0.000000,0.000000,
2024-05-09,0.000000,0.000000,0.000000,
2024-05-10,0.000000,0.000000,0.000000,
2024-05-11,380.212000,131.604000,511.816000,0.742869
2024-05-12,0.000000,0.000000,0.000000,
2024-05-13,3973.925000,3.991000,3977.916000,0.998997
2024-05-14,0.685000,0.000000,0.685000,1.000000
2024-05-15,0.474000,0.000000,0.474000,1.000000
2024-05-16,0.847000,0.000000,0.847000,1.000000
2024-05-17,1062.735000,19.060000,1081.795000,0.982381
2024-05-18,0.000000,0.000000,0.000000,
2024-05-19,0.000000,0.000000,0.000000,
2024-05-20,0.000000,0.000000,0.000000,
2024-05-21,0.000000,0.000000,0.000000,
2024-05-22,526.102000,0.172000,526.274000,0.999673
2024-05-23,1995.361000,46.532000,2041.893000,0.977211
2024-05-24,0.000000,0.000000,0.000000,
2024-05-25,4828.237000,559.864000,5388.101000,0.896093
2024-05-26,239.561000,55.820000,295.381000,0.811024
2024-05-27,0.307000,2.535000,2.842000,0.108023
2024-05-28,158.210000,0.022000,158.232000,0.999861
2024-05-29,539.853000,0.058000,539.911000,0.999893
2024-05-30,2639.616000,249.622000,2889.238000,0.913603
2024-05-31,37.054000,60.839000,97.893000,0.378515
2024-06-01,0.000000,0.022000,0.022000,0.000000
2024-06-02,0.000000,0.043000,0.043000,0.000000
2024-06-03,0.000000,0.045000,0.045000,0.000000
2024-06-04,170.428000,218.499000,388.927000,0.438200
2024-06-05,722.162000,164.931000,887.093000,0.814077
2024-06-06,0.000000,0.000000,0.000000,
2024-06-07,0.000000,0.000000,0.000000,
2024-06-08,3747.765000,2065.632000,5813.397000,0.644677
2024-06-09,11691.482000,744.321000,12435.803000,0.940147
2024-06-10,1924.471000,54.751000,1979.222000,0.972337
2024-06-11,0.000000,0.000000,0.000000,
2024-06-12,134.022000,0.057000,134.079000,0.999575
2024-06-13,1742.810000,44.179000,1786.989000,0.975277
2024-06-14,0.000000,0.000000,0.000000,
2024-06-15,265.669000,118.482000,384.151000,0.691574
2024-06-16,0.000000,0.000000,0.000000,
2024-06-17,0.000000,0.000000,0.000000,
2024-06-18,0.000000,0.000000,0.000000,
2024-06-19,0.000000,0.000000,0.000000,
2024-06-20,0.000000,0.000000,0.000000,
2024-06-21,0.000000,0.000000,0.000000,
2024-06-22,0.000000,0.000000,0.000000,
2024-06-23,0.000000,0.000000,0.000000,
2024-06-24,0.000000,0.000000,0.000000,
2024-06-25,0.000000,0.000000,0.000000,
2024-06-26,0.000000,0.000000,0.000000,
2024-06-27,5435.390000,887.978000,6323.368000,0.859572
2024-06-28,1337.968000,6.904000,1344.872000,0.994866
2024-06-29,0.000000,0.000000,0.000000,
2024-06-30,0.001000,0.000000,0.001000,1.000000
2024-07-01,0.015000,0.000000,0.015000,1.000000
2024-07-02,19.734000,16.046000,35.780000,0.551537
2024-07-03,1592.414000,335.939000,1928.353000,0.825790
2024-07-04,1698.722000,1096.455000,2795.177000,0.607733
2024-07-05,0.000000,0.166000,0.166000,0.000000
2024-07-06,827.994000,56.213000,884.207000,0.936426
2024-07-07,0.000000,0.000000,0.000000,
2024-07-08,0.000000,0.000000,0.000000,
2024-07-09,0.000000,0.000000,0.000000,
2024-07-10,1039.319000,116.221000,1155.540000,0.899423
2024-07-11,0.000000,0.382000,0.382000,0.000000
2024-07-12,0.000000,0.000000,0.000000,
2024-07-13,0.000000,0.000000,0.000000,
2024-07-14,0.000000,0.000000,0.000000,
2024-07-15,0.000000,0.000000,0.000000,
2024-07-16,0.000000,0.000000,0.000000,
2024-07-17,0.000000,0.000000,0.000000,
2024-07-18,978.712000,0.511000,979.223000,0.999478
2024-07-19,74.264000,18.282000,92.546000,0.802455
2024-07-20,0.000000,0.000000,0.000000,
2024-07-21,0.000000,0.000000,0.000000,
2024-07-22,0.000000,0.000000,0.000000,
2024-07-23,0.000000,0.000000,0.000000,
2024-07-24,0.000000,0.000000,0.000000,
2024-07-25,0.000000,0.000000,0.000000,
2024-07-26,0.000000,0.000000,0.000000,
2024-07-27,0.000000,0.000000,0.000000,
2024-07-28,0.000000,0.000000,0.000000,
2024-07-29,0.000000,0.000000,0.000000,
2024-07-30,0.000000,0.000000,0.000000,
2024-07-31,0.000000,0.000000,0.000000,
2024-08-01,0.000000,0.000000,0.000000,
2024-08-02,474.627000,278.817000,753.444000,0.629943
2024-08-03,930.136000,185.834000,1115.970000,0.833478
2024-08-04,2356.731000,705.469000,3062.200000,0.769620
2024-08-05,0.000000,0.000000,0.000000,
2024-08-06,0.000000,0.000000,0.000000,
2024-08-07,0.000000,0.000000,0.000000,
2024-08-08,811.423000,0.272000,811.695000,0.999665
2024-08-09,6208.910000,606.883000,6815.793000,0.910959
2024-08-10,35.987000,192.480000,228.467000,0.157515
2024-08-11,1858.219000,76.199000,1934.418000,0.960609
2024-08-12,7243.168000,375.281000,7618.449000,0.950740
2024-08-13,1588.829000,40.633000,1629.462000,0.975064
2024-08-14,879.063000,23.949000,903.012000,0.973479
2024-08-15,2194.941000,1.188000,2196.129000,0.999459
2024-08-16,0.000000,0.000000,0.000000,
2024-08-17,55.799000,20.204000,76.003000,0.734168
2024-08-18,1090.128000,164.224000,1254.352000,0.869077
2024-08-19,1961.266000,136.815000,2098.081000,0.934790
2024-08-20,12868.317000,2115.225000,14983.542000,0.858830
2024-08-21,12527.327000,892.559000,13419.886000,0.933490
2024-08-22,7809.471000,1.234000,7810.705000,0.999842
2024-08-23,7231.923000,132.773000,7364.696000,0.981972
2024-08-24,181.854000,66.206000,248.060000,0.733105
2024-08-25,65.122000,20.967000,86.089000,0.756450
2024-08-26,838.715000,0.365000,839.080000,0.999565
2024-08-27,4399.489000,85.445000,4484.934000,0.980948
2024-08-28,59.855000,77.313000,137.168000,0.436363
2024-08-29,0.000000,0.000000,0.000000,
2024-08-30,0.000000,0.000000,0.000000,
2024-08-31,132.776000,5.876000,138.652000,0.957621
2024-09-01,347.283000,0.269000,347.552000,0.999226
2024-09-02,0.457000,0.000000,0.457000,1.000000
2024-09-03,1.487000,0.000000,1.487000,1.000000
2024-09-04,0.000000,0.000000,0.000000,
2024-09-05,473.105000,0.057000,473.162000,0.999880
2024-09-06,112.891000,0.007000,112.898000,0.999938
2024-09-07,0.000000,0.000000,0.000000,
2024-09-08,1180.470000,23.063000,1203.533000,0.980837
2024-09-09,1478.235000,35.007000,1513.242000,0.976866
2024-09-10,8326.931000,485.945000,8812.876000,0.944860
2024-09-11,3248.499000,196.144000,3444.643000,0.943058
2024-09-12,0.000000,0.000000,0.000000,
2024-09-13,370.691000,79.253000,449.944000,0.823860
2024-09-14,10107.902000,1026.846000,11134.748000,0.907780
2024-09-15,0.000000,0.000000,0.000000,
2024-09-16,0.000000,0.000000,0.000000,
2024-09-17,0.000000,0.000000,0.000000,
2024-09-18,0.000000,0.000000,0.000000,
2024-09-19,0.000000,0.000000,0.000000,
2024-09-20,0.000000,0.000000,0.000000,
2024-09-21,0.000000,0.000000,0.000000,
2024-09-22,0.000000,0.000000,0.000000,
2024-09-23,0.000000,0.000000,0.000000,
2024-09-24,3.694000,4.964000,8.658000,0.426657
2024-09-25,0.000000,0.000000,0.000000,
2024-09-26,4184.574000,9.912000,4194.486000,0.997637
2024-09-27,10884.862000,648.370000,11533.232000,0.943782
2024-09-28,0.000000,0.000000,0.000000,
2024-09-29,7407.458000,158.882000,7566.340000,0.979001
2024-09-30,0.000000,0.000000,0.000000,
2024-10-01,0.000000,0.000000,0.000000,
2024-10-02,0.000000,0.000000,0.000000,
2024-10-03,412.723000,0.818000,413.541000,0.998022
2024-10-04,1391.499000,3.072000,1394.571000,0.997797
2024-10-05,10911.898000,424.187000,11336.085000,0.962581
2024-10-06,22.994000,2.057000,25.051000,0.917888
2024-10-07,314.370000,65.169000,379.539000,0.828294
2024-10-08,0.000000,0.000000,0.000000,
2024-10-09,0.000000,0.000000,0.000000,
2024-10-10,0.000000,0.000000,0.000000,
2024-10-11,0.000000,0.000000,0.000000,
2024-10-12,479.573000,120.981000,600.554000,0.798551
2024-10-13,0.000000,0.000000,0.000000,
2024-10-14,0.000000,0.000000,0.000000,
2024-10-15,108.284000,0.288000,108.572000,0.997347
2024-10-16,194.055000,0.528000,194.583000,0.997287
2024-10-17,411.591000,114.614000,526.205000,0.782188
2024-10-18,0.000000,0.000000,0.000000,
2024-10-19,873.337000,0.467000,873.804000,0.999466
2024-10-20,13009.708000,806.222000,13815.930000,0.941645
2024-10-21,1993.873000,83.623000,2077.496000,0.959748
2024-10-22,0.000000,0.000000,0.000000,
2024-10-23,1.520000,0.002000,1.522000,0.998686
2024-10-24,913.546000,19.509000,933.055000,0.979091
2024-10-25,1.559000,0.000000,1.559000,1.000000
2024-10-26,0.006000,0.000000,0.006000,1.000000
2024-10-27,3787.087000,1.029000,3788.116000,0.999728
2024-10-28,4008.503000,0.897000,4009.400000,0.999776
2024-10-29,0.000000,0.000000,0.000000,
2024-10-30,0.000000,0.000000,0.000000,
2024-10-31,0.000000,0.000000,0.000000,
2024-11-01,0.000000,0.000000,0.000000,
2024-11-02,0.000000,0.000000,0.000000,
2024-11-03,0.000000,0.000000,0.000000,
2024-11-04,0.000000,0.000000,0.000000,
2024-11-05,0.000000,0.000000,0.000000,
2024-11-06,0.000000,0.000000,0.000000,
2024-11-07,441.232000,35.040000,476.272000,0.926429
2024-11-08,218.745000,0.164000,218.909000,0.999251
2024-11-09,0.000000,0.000000,0.000000,
2024-11-10,0.000000,0.000000,0.000000,
2024-11-11,0.000000,0.000000,0.000000,
2024-11-12,0.000000,0.000000,0.000000,
2024-11-13,0.000000,0.000000,0.000000,
2024-11-14,0.000000,0.000000,0.000000,
2024-11-15,0.000000,0.000000,0.000000,
2024-11-16,0.000000,0.000000,0.000000,
2024-11-17,0.000000,0.000000,0.000000,
2024-11-18,0.000000,0.000000,0.000000,
2024-11-19,1482.964000,0.611000,1483.575000,0.999588
2024-11-20,0.000000,0.000000,0.000000,
2024-11-21,0.000000,0.000000,0.000000,
2024-11-22,184.970000,0.086000,185.056000,0.999535
2024-11-23,5195.942000,54.796000,5250.738000,0.989564
2024-11-24,20934.922000,522.170000,21457.092000,0.975664
2024-11-25,5718.658000,0.338000,5718.996000,0.999941
2024-11-26,0.000000,0.000000,0.000000,
2024-11-27,0.000000,0.000000,0.000000,
2024-11-28,1217.057000,0.538000,1217.595000,0.999558
2024-11-29,2362.176000,0.951000,2363.127000,0.999598
2024-11-30,2955.588000,115.275000,3070.863000,0.962462
2024-12-01,964.153000,18.705000,982.858000,0.980969
2024-12-02,3053.270000,173.384000,3226.654000,0.946265
2024-12-03,0.918000,17.712000,18.630000,0.049275
2024-12-04,0.000000,0.000000,0.000000,
2024-12-05,147.067000,0.098000,147.165000,0.999334
2024-12-06,0.265000,0.000000,0.265000,1.000000
2024-12-07,3555.413000,146.758000,3702.171000,0.960359
2024-12-08,3927.208000,38.247000,3965.455000,0.990355
2024-12-09,0.000000,0.000000,0.000000,
2024-12-10,0.000000,0.000000,0.000000,
2024-12-11,0.000000,0.000000,0.000000,
2024-12-12,0.000000,0.000000,0.000000,
2024-12-13,0.000000,0.000000,0.000000,
2024-12-14,94.336000,0.088000,94.424000,0.999068
2024-12-15,5382.297000,77.339000,5459.636000,0.985834
2024-12-16,2729.448000,2.306000,2731.754000,0.999156
2024-12-17,3106.333000,1.842000,3108.175000,0.999407
2024-12-18,8125.580000,0.647000,8126.227000,0.999920
2024-12-19,3624.362000,21.186000,3645.548000,0.994189
2024-12-20,415.263000,2.058000,417.321000,0.995069
2024-12-21,15342.554000,401.222000,15743.776000,0.974516
2024-12-22,11887.831000,241.345000,12129.176000,0.980102
2024-12-23,6.245000,0.000000,6.245000,1.000000
2024-12-24,514.343000,0.464000,514.807000,0.999099
2024-12-25,1389.577000,41.230000,1430.807000,0.971184
2024-12-26,0.000000,0.000000,0.000000,
2024-12-27,0.000000,0.000000,0.000000,
2024-12-28,0.000000,0.000000,0.000000,
2024-12-29,383.270000,3.875000,387.145000,0.989991
2024-12-30,8098.656000,3.858000,8102.514000,0.999524
2024-12-31,17733.629000,72.838000,17806.467000,0.995909
2025-01-01,5921.284000,15.062000,5936.346000,0.997463
2025-01-02,0.000000,0.000000,0.000000,
2025-01-03,0.000000,0.000000,0.000000,
2025-01-04,0.000000,0.000000,0.000000,
2025-01-05,0.000000,0.000000,0.000000,
2025-01-06,942.253000,0.303000,942.556000,0.999679
2025-01-07,88.444000,0.413000,88.857000,0.995352
2025-01-08,0.000000,0.000000,0.000000,
2025-01-09,0.000000,0.000000,0.000000,
2025-01-10,1559.460000,0.546000,1560.006000,0.999650
2025-01-11,0.000000,0.000000,0.000000,
2025-01-12,281.059000,0.160000,281.219000,0.999431
2025-01-13,462.367000,0.287000,462.654000,0.999380
2025-01-14,0.000000,0.000000,0.000000,
2025-01-15,0.000000,0.000000,0.000000,
2025-01-16,651.165000,0.140000,651.305000,0.999785
2025-01-17,1775.563000,0.356000,1775.919000,0.999800
2025-01-18,59.496000,0.063000,59.559000,0.998942
2025-01-19,0.000000,0.000000,0.000000,
2025-01-20,0.000000,0.000000,0.000000,
2025-01-21,0.000000,0.000000,0.000000,
2025-01-22,0.000000,0.000000,0.000000,
2025-01-23,2523.270000,120.632000,2643.902000,0.954373
2025-01-24,3808.128000,328.987000,4137.115000,0.920479
2025-01-25,61.343000,0.281000,61.624000,0.995440
2025-01-26,2473.400000,2.075000,2475.475000,0.999162
2025-01-27,3284.680000,1.984000,3286.664000,0.999396
2025-01-28,4480.023000,1.266000,4481.289000,0.999717
2025-01-29,0.000000,0.000000,0.000000,
2025-01-30,0.000000,0.000000,0.000000,
2025-01-31,0.000000,0.000000,0.000000,
2025-02-01,2286.823000,139.851000,2426.674000,0.942369
2025-02-02,600.935000,0.888000,601.823000,0.998524
2025-02-03,1249.243000,136.761000,1386.004000,0.901327
2025-02-04,2980.068000,180.235000,3160.303000,0.942969
2025-02-05,0.000000,0.000000,0.000000,
2025-02-06,0.000000,0.000000,0.000000,
2025-02-07,0.000000,0.000000,0.000000,
2025-02-08,0.000000,0.000000,0.000000,
2025-02-09,0.000000,0.000000,0.000000,
2025-02-10,0.000000,0.000000,0.000000,
2025-02-11,115.851000,0.201000,116.052000,0.998268
2025-02-12,110.843000,0.252000,111.095000,0.997732
2025-02-13,0.000000,0.000000,0.000000,
2025-02-14,169.173000,0.512000,169.685000,0.996983
2025-02-15,126.108000,0.244000,126.352000,0.998069
2025-02-16,552.563000,22.448000,575.011000,0.960961
2025-02-17,681.998000,132.205000,814.203000,0.837626
2025-02-18,1051.455000,85.673000,1137.128000,0.924658
2025-02-19,2126.619000,409.514000,2536.133000,0.838528
2025-02-20,5377.215000,777.245000,6154.460000,0.873710
2025-02-21,8580.006000,172.540000,8752.546000,0.980287
2025-02-22,6923.161000,204.469000,7127.630000,0.971313
2025-02-23,7659.703000,418.883000,8078.586000,0.948149
2025-02-24,3879.019000,284.434000,4163.453000,0.931683
2025-02-25,711.767000,0.582000,712.349000,0.999183
2025-02-26,391.451000,77.913000,469.364000,0.834003
2025-02-27,2.895000,0.211000,3.106000,0.932067
2025-02-28,0.000000,0.000000,0.000000,
2025-03-01,0.000000,0.000000,0.000000,
2025-03-02,257.119000,27.021000,284.140000,0.904903
2025-03-03,0.018000,0.000000,0.018000,1.000000
2025-03-04,1644.603000,183.790000,1828.393000,0.899480
2025-03-05,3491.884000,1079.919000,4571.803000,0.763787
2025-03-06,0.000000,0.000000,0.000000,
2025-03-07,0.000000,0.000000,0.000000,
2025-03-08,65.597000,21.774000,87.371000,0.750787
2025-03-09,0.000000,0.000000,0.000000,
2025-03-10,732.460000,0.285000,732.745000,0.999611
2025-03-11,0.604000,0.000000,0.604000,1.000000
2025-03-12,1.064000,0.000000,1.064000,1.000000
2025-03-13,0.262000,0.000000,0.262000,1.000000
2025-03-14,0.373000,0.000000,0.373000,1.000000
2025-03-15,0.000000,0.000000,0.000000,
2025-03-16,0.089000,0.000000,0.089000,1.000000
2025-03-17,0.646000,0.000000,0.646000,1.000000
2025-03-18,361.123000,44.727000,405.850000,0.889794
2025-03-19,68.753000,31.708000,100.461000,0.684375
2025-03-20,1288.946000,192.697000,1481.643000,0.869944
2025-03-21,98.029000,28.751000,126.780000,0.773221
2025-03-22,1291.240000,0.264000,1291.504000,0.999796
2025-03-23,0.000000,0.000000,0.000000,
2025-03-24,77.970000,22.394000,100.364000,0.776872
2025-03-25,0.000000,0.000000,0.000000,
2025-03-26,0.000000,0.000000,0.000000,
2025-03-27,1879.722000,67.901000,1947.623000,0.965136
2025-03-28,7251.064000,1501.119000,8752.183000,0.828486
2025-03-29,3587.934000,199.343000,3787.277000,0.947365
2025-03-30,1757.859000,15.655000,1773.514000,0.991173
2025-03-31,2.664000,0.010000,2.674000,0.996260
2025-04-01,2135.293000,224.081000,2359.374000,0.905025
2025-04-02,6246.201000,567.240000,6813.441000,0.916747
2025-04-03,4764.524000,258.468000,5022.992000,0.948543
2025-04-04,2222.255000,12.215000,2234.470000,0.994533
2025-04-05,15874.999000,3255.355000,19130.354000,0.829833
2025-04-06,9254.208000,3005.590000,12259.798000,0.754842
2025-04-07,0.000000,0.000000,0.000000,
2025-04-08,0.000000,0.000000,0.000000,
2025-04-09,0.000000,0.000000,0.000000,
2025-04-10,0.000000,0.000000,0.000000,
2025-04-11,0.000000,0.000000,0.000000,
2025-04-12,0.000000,0.000000,0.000000,
2025-04-13,1279.878000,294.743000,1574.621000,0.812817
2025-04-14,0.000000,0.052000,0.052000,0.000000
2025-04-15,0.000000,0.000000,0.000000,
2025-04-16,15.909000,2.194000,18.103000,0.878805
2025-04-17,0.000000,0.000000,0.000000,
2025-04-18,2.671000,0.000000,2.671000,1.000000
2025-04-19,0.000000,0.000000,0.000000,
2025-04-20,0.000000,0.000000,0.000000,
2025-04-21,203.374000,104.512000,307.886000,0.660550
2025-04-22,0.000000,0.000000,0.000000,
2025-04-23,0.000000,0.000000,0.000000,
2025-04-24,0.000000,0.000000,0.000000,
2025-04-25,0.000000,0.000000,0.000000,
2025-04-26,2967.972000,232.354000,3200.326000,0.927397
2025-04-27,8697.937000,2021.843000,10719.780000,0.811391
2025-04-28,27.753000,0.011000,27.764000,0.999604
2025-04-29,0.000000,0.000000,0.000000,
2025-04-30,0.000000,0.000000,0.000000,
2025-05-01,0.000000,0.000000,0.000000,
2025-05-02,0.000000,0.000000,0.000000,
2025-05-03,1177.347000,234.269000,1411.616000,0.834042
2025-05-04,44.577000,0.375000,44.952000,0.991658
2025-05-05,0.000000,0.000000,0.000000,
2025-05-06,0.000000,0.000000,0.000000,
2025-05-07,0.000000,0.000000,0.000000,
2025-05-08,0.000000,0.000000,0.000000,
2025-05-09,0.000000,0.000000,0.000000,
2025-05-10,0.000000,0.000000,0.000000,
2025-05-11,0.000000,0.000000,0.000000,
2025-05-12,0.000000,0.000000,0.000000,
2025-05-13,0.000000,0.000000,0.000000,
2025-05-14,0.000000,0.000000,0.000000,
2025-05-15,0.000000,0.000000,0.000000,
2025-05-16,0.000000,0.000000,0.000000,
2025-05-17,0.000000,0.000000,0.000000,
2025-05-18,0.000000,0.000000,0.000000,
2025-05-19,0.000000,0.000000,0.000000,
2025-05-20,0.000000,0.000000,0.000000,
2025-05-21,0.000000,0.000000,0.000000,
2025-05-22,0.000000,0.000000,0.000000,
2025-05-23,45.319000,0.095000,45.414000,0.997908
2025-05-24,8588.283000,688.796000,9277.079000,0.925753
2025-05-25,19244.513000,3953.288000,23197.801000,0.829584
2025-05-26,6794.450000,609.317000,7403.767000,0.917702
2025-05-27,835.545000,0.630000,836.175000,0.999247
2025-05-28,500.442000,0.386000,500.828000,0.999229
2025-05-29,10895.866000,1891.665000,12787.531000,0.852070
2025-05-30,1217.130000,0.928000,1218.058000,0.999238
2025-05-31,5978.690000,1583.248000,7561.938000,0.790629
2025-06-01,10219.629000,2222.361000,12441.990000,0.821382
2025-06-02,8963.512000,445.840000,9409.352000,0.952617
2025-06-03,7963.367000,1511.028000,9474.395000,0.840515
2025-06-04,1424.287000,149.338000,1573.625000,0.905099
2025-06-05,0.000000,0.000000,0.000000,
2025-06-06,306.694000,6.744000,313.438000,0.978484
2025-06-07,173.921000,54.163000,228.084000,0.762530
2025-06-08,2301.400000,408.325000,2709.725000,0.849311
2025-06-09,2.964000,0.000000,2.964000,1.000000
2025-06-10,1304.898000,0.493000,1305.391000,0.999622
2025-06-11,33.425000,9.062000,42.487000,0.786711
2025-06-12,1.312000,0.000000,1.312000,1.000000
2025-06-13,0.000000,0.000000,0.000000,
2025-06-14,0.000000,0.000000,0.000000,
2025-06-15,688.856000,427.302000,1116.158000,0.617167
2025-06-16,1690.873000,829.397000,2520.270000,0.670909
2025-06-17,324.451000,0.552000,325.003000,0.998302
2025-06-18,0.000000,0.000000,0.000000,
2025-06-19,0.000000,0.000000,0.000000,
2025-06-20,0.000000,0.000000,0.000000,
2025-06-21,0.000000,0.000000,0.000000,
2025-06-22,16132.625000,2665.683000,18798.308000,0.858196
2025-06-23,11256.318000,2407.309000,13663.627000,0.823816
2025-06-24,3849.106000,1465.046000,5314.152000,0.724312
2025-06-25,0.000000,0.000000,0.000000,
2025-06-26,1171.710000,335.350000,1507.060000,0.777481
2025-06-27,1421.263000,174.805000,1596.068000,0.890478
2025-06-28,2405.724000,1035.742000,3441.466000,0.699040
2025-06-29,0.000000,0.000000,0.000000,
2025-06-30,0.000000,0.000000,0.000000,
2025-07-01,0.000000,0.000000,0.000000,
2025-07-02,0.000000,0.000000,0.000000,
2025-07-03,1165.861000,473.654000,1639.515000,0.711101
2025-07-04,5957.973000,915.083000,6873.056000,0.866859
2025-07-05,7020.974000,2659.246000,9680.220000,0.725291
2025-07-06,3002.121000,549.547000,3551.668000,0.845271
2025-07-07,1866.682000,519.346000,2386.028000,0.782339
2025-07-08,0.000000,0.000000,0.000000,
2025-07-09,0.000000,0.000000,0.000000,
2025-07-10,8.186000,30.424000,38.610000,0.212018
2025-07-11,0.000000,0.000000,0.000000,
2025-07-12,858.973000,283.964000,1142.937000,0.751549
2025-07-13,55.191000,9.309000,64.500000,0.855674
2025-07-14,831.833000,298.691000,1130.524000,0.735794
2025-07-15,844.480000,36.008000,880.488000,0.959104
2025-07-16,0.000000,0.000000,0.000000,
2025-07-17,0.000000,0.000000,0.000000,
2025-07-18,0.000000,0.000000,0.000000,
2025-07-19,0.000000,0.000000,0.000000,
2025-07-20,50.446000,12.223000,62.669000,0.804959
2025-07-21,0.000000,0.000000,0.000000,
2025-07-22,0.000000,0.000000,0.000000,
2025-07-23,2.990000,6.126000,9.116000,0.327995
2025-07-24,0.327000,5.139000,5.466000,0.059824
2025-07-25,0.000000,0.000000,0.000000,
2025-07-26,0.000000,0.000000,0.000000,
2025-07-27,0.000000,0.000000,0.000000,
2025-07-28,0.000000,0.000000,0.000000,
2025-07-29,0.000000,0.000000,0.000000,
2025-07-30,0.000000,0.000000,0.000000,
2025-07-31,0.000000,0.000000,0.000000,
2025-08-01,0.000000,0.000000,0.000000,
2025-08-02,0.000000,0.000000,0.000000,
2025-08-03,3367.423000,1162.248000,4529.671000,0.743414
2025-08-04,13905.452000,3044.689000,16950.141000,0.820374
2025-08-05,11874.897000,2926.906000,14801.803000,0.802260
2025-08-06,100.328000,0.166000,100.494000,0.998348
2025-08-07,2665.534000,546.988000,3212.522000,0.829733
2025-08-08,6217.601000,1909.750000,8127.351000,0.765022
2025-08-09,4576.508000,3221.756000,7798.264000,0.586862
2025-08-10,0.000000,0.000000,0.000000,
2025-08-11,0.000000,0.000000,0.000000,
2025-08-12,0.000000,0.000000,0.000000,
2025-08-13,6.076000,4.989000,11.065000,0.549119
2025-08-14,0.236000,0.000000,0.236000,1.000000
2025-08-15,11.505000,0.000000,11.505000,1.000000
2025-08-16,41.913000,0.000000,41.913000,1.000000
2025-08-17,0.000000,0.000000,0.000000,
2025-08-18,0.000000,0.000000,0.000000,
2025-08-19,0.000000,0.000000,0.000000,
2025-08-20,0.000000,0.000000,0.000000,
2025-08-21,0.222000,0.000000,0.222000,1.000000
2025-08-22,0.609000,0.000000,0.609000,1.000000
2025-08-23,1.709000,0.000000,1.709000,1.000000
2025-08-24,4.435000,0.000000,4.435000,1.000000
2025-08-25,1868.774000,1027.909000,2896.683000,0.645143
2025-08-26,39.064000,0.000000,39.064000,1.000000
2025-08-27,833.386000,419.511000,1252.897000,0.665167
2025-08-28,0.000000,0.926000,0.926000,0.000000
2025-08-29,0.000000,5.602000,5.602000,0.000000
2025-08-30,4907.219000,1353.179000,6260.398000,0.783851
2025-08-31,19523.962000,3172.940000,22696.902000,0.860204
2025-09-01,11109.945000,1424.457000,12534.402000,0.886356
2025-09-02,0.000000,0.000000,0.000000,
2025-09-03,39.827000,0.000000,39.827000,1.000000
2025-09-04,413.847000,258.464000,672.311000,0.615559
2025-09-05,14.348000,3.220000,17.568000,0.816712
2025-09-06,2586.902000,482.919000,3069.821000,0.842688
2025-09-07,2127.116000,798.276000,2925.392000,0.727122
2025-09-08,0.000000,0.000000,0.000000,
2025-09-09,229.390000,0.653000,230.043000,0.997161
2025-09-10,2378.022000,563.546000,2941.568000,0.808420
2025-09-11,9366.903000,1689.990000,11056.893000,0.847155
2025-09-12,8307.600000,1255.066000,9562.666000,0.868754
2025-09-13,9152.507000,3534.283000,12686.790000,0.721420
2025-09-14,2103.244000,370.976000,2474.220000,0.850063
2025-09-15,3996.506000,1437.621000,5434.127000,0.735446
2025-09-16,3604.984000,1.617000,3606.601000,0.999552
2025-09-17,763.240000,452.655000,1215.895000,0.627719
2025-09-18,257.895000,0.576000,258.471000,0.997772
2025-09-19,2.679000,0.013000,2.692000,0.995171
2025-09-20,1080.707000,0.622000,1081.329000,0.999425
2025-09-21,7017.637000,2198.057000,9215.694000,0.761488
2025-09-22,0.000000,0.000000,0.000000,
2025-09-23,0.000000,0.000000,0.000000,
2025-09-24,0.000000,0.000000,0.000000,
2025-09-25,277.749000,0.295000,278.044000,0.998939
2025-09-26,0.000000,0.107000,0.107000,0.000000
2025-09-27,1672.169000,0.807000,1672.976000,0.999518
2025-09-28,0.000000,0.000000,0.000000,
2025-09-29,0.000000,0.000000,0.000000,
2025-09-30,354.096000,0.469000,354.565000,0.998677
2025-10-01,2709.232000,315.862000,3025.094000,0.895586
2025-10-02,1237.867000,0.724000,1238.591000,0.999415
2025-10-03,1621.786000,4.080000,1625.866000,0.997491
2025-10-04,11706.420000,1744.087000,13450.507000,0.870333
2025-10-05,9567.235000,1266.563000,10833.798000,0.883092
2025-10-06,2452.273000,331.225000,2783.498000,0.881004
2025-10-07,0.000000,0.000000,0.000000,
2025-10-08,0.000000,0.000000,0.000000,
2025-10-09,0.000000,0.000000,0.000000,
2025-10-10,0.000000,0.000000,0.000000,
2025-10-11,0.000000,0.000000,0.000000,
2025-10-12,0.000000,0.000000,0.000000,
2025-10-13,0.000000,0.000000,0.000000,
2025-10-14,0.000000,0.000000,0.000000,
2025-10-15,0.000000,0.000000,0.000000,
2025-10-16,0.000000,0.000000,0.000000,
2025-10-17,0.000000,0.000000,0.000000,
2025-10-18,467.298000,61.006000,528.304000,0.884525
2025-10-19,0.000000,0.000000,0.000000,
2025-10-20,0.000000,0.000000,0.000000,
2025-10-21,0.000000,0.000000,0.000000,
2025-10-22,0.000000,0.000000,0.000000,
2025-10-23,457.470000,0.208000,457.678000,0.999546
2025-10-24,3921.267000,196.658000,4117.925000,0.952243
2025-10-25,10441.110000,954.934000,11396.044000,0.916205
2025-10-26,8203.729000,188.470000,8392.199000,0.977542
2025-10-27,3117.228000,2.291000,3119.519000,0.999266
2025-10-28,1979.557000,418.492000,2398.049000,0.825486
2025-10-29,500.224000,0.578000,500.802000,0.998846
2025-10-30,0.000000,0.000000,0.000000,
2025-10-31,1447.125000,966.826000,2413.951000,0.599484
2025-11-01,10077.702000,853.571000,10931.273000,0.921915
2025-11-02,6754.849000,1005.866000,7760.715000,0.870390
2025-11-03,247.371000,55.202000,302.573000,0.817558
2025-11-04,415.663000,0.876000,416.539000,0.997897
2025-11-05,0.000000,0.000000,0.000000,
2025-11-06,0.000000,0.000000,0.000000,
2025-11-07,0.000000,0.000000,0.000000,
2025-11-08,0.000000,0.000000,0.000000,
2025-11-09,0.000000,0.000000,0.000000,
2025-11-10,0.000000,0.000000,0.000000,
2025-11-11,238.419000,0.293000,238.712000,0.998773
2025-11-12,0.000000,0.000000,0.000000,
2025-11-13,0.000000,0.000000,0.000000,
2025-11-14,6986.369000,140.979000,7127.348000,0.980220
2025-11-15,546.920000,0.261000,547.181000,0.999523
2025-11-16,0.000000,0.000000,0.000000,
2025-11-17,0.000000,0.000000,0.000000,
2025-11-18,0.000000,0.000000,0.000000,
2025-11-19,0.000000,0.000000,0.000000,
2025-11-20,0.000000,0.000000,0.000000,
2025-11-21,0.000000,0.000000,0.000000,
2025-11-22,154.347000,0.148000,154.495000,0.999042
2025-11-23,3511.361000,128.453000,3639.814000,0.964709
2025-11-24,895.310000,1.180000,896.490000,0.998684
2025-11-25,6.313000,0.000000,6.313000,1.000000
2025-11-26,49.605000,0.347000,49.952000,0.993053
2025-11-27,3105.308000,135.201000,3240.509000,0.958278
2025-11-28,3647.163000,354.870000,4002.033000,0.911328
2025-11-29,0.000000,0.000000,0.000000,
2025-11-30,174.705000,0.036000,174.741000,0.999794
2025-12-01,1551.557000,0.495000,1552.052000,0.999681
2025-12-02,1451.588000,0.504000,1452.092000,0.999653
2025-12-03,0.000000,0.000000,0.000000,
2025-12-04,0.000000,0.000000,0.000000,
2025-12-05,30.182000,0.208000,30.390000,0.993156
2025-12-06,1554.042000,0.151000,1554.193000,0.999903
2025-12-07,945.796000,0.269000,946.065000,0.999716
2025-12-08,5130.054000,1.393000,5131.447000,0.999729
2025-12-09,9105.250000,182.462000,9287.712000,0.980354
2025-12-10,5431.678000,303.966000,5735.644000,0.947004
2025-12-11,3915.215000,1.020000,3916.235000,0.999740
2025-12-12,166.767000,0.158000,166.925000,0.999053
2025-12-13,12729.009000,340.841000,13069.850000,0.973922
2025-12-14,6606.904000,84.910000,6691.814000,0.987311
2025-12-15,0.000000,0.000000,0.000000,
2025-12-16,951.491000,0.186000,951.677000,0.999805
2025-12-17,5835.536000,0.683000,5836.219000,0.999883
2025-12-18,6723.702000,4.808000,6728.510000,0.999285
2025-12-19,7067.909000,1.182000,7069.091000,0.999833
2025-12-20,7374.031000,122.124000,7496.155000,0.983708
2025-12-21,0.475000,0.000000,0.475000,1.000000
2025-12-22,0.000000,0.000000,0.000000,
2025-12-23,0.126000,0.000000,0.126000,1.000000
2025-12-24,1197.992000,0.370000,1198.362000,0.999691
2025-12-25,2316.020000,0.917000,2316.937000,0.999604
2025-12-26,0.000000,0.000000,0.000000,
2025-12-27,0.000000,0.000000,0.000000,
2025-12-28,0.000000,0.000000,0.000000,
2025-12-29,0.000000,0.000000,0.000000,
2025-12-30,0.000000,0.000000,0.000000,
2025-12-31,0.000000,0.000000,0.000000,
2026-01-01,1248.189000,0.371000,1248.560000,0.999703
2026-01-02,1525.746000,0.460000,1526.206000,0.999699
2026-01-03,0.000000,0.000000,0.000000,
2026-01-04,0.000000,0.000000,0.000000,
2026-01-05,0.000000,0.000000,0.000000,
2026-01-06,0.000000,0.000000,0.000000,
2026-01-07,0.000000,0.000000,0.000000,
2026-01-08,0.000000,0.000000,0.000000,
2026-01-09,0.000000,0.000000,0.000000,
2026-01-10,1109.792000,0.149000,1109.941000,0.999866
2026-01-11,6983.598000,27.091000,7010.689000,0.996136
2026-01-12,243.074000,0.273000,243.347000,0.998878
2026-01-13,0.000000,0.000000,0.000000,
2026-01-14,0.000000,0.000000,0.000000,
2026-01-15,0.000000,0.000000,0.000000,
2026-01-16,0.000000,0.000000,0.000000,
2026-01-17,0.000000,0.000000,0.000000,
2026-01-18,0.000000,0.000000,0.000000,
2026-01-19,0.000000,0.000000,0.000000,
2026-01-20,903.353000,29.924000,933.277000,0.967937
2026-01-21,1.208000,0.008000,1.216000,0.993421
2026-01-22,0.000000,0.000000,0.000000,
2026-01-23,0.000000,0.000000,0.000000,
2026-01-24,0.000000,0.000000,0.000000,
2026-01-25,0.000000,0.000000,0.000000,
2026-01-26,660.576000,0.234000,660.810000,0.999646
2026-01-27,1159.488000,0.396000,1159.884000,0.999659
2026-01-28,0.000000,0.000000,0.000000,
2026-01-29,0.000000,0.000000,0.000000,
2026-01-30,0.000000,0.000000,0.000000,
2026-01-31,0.000000,0.000000,0.000000,
2026-02-01,0.000000,0.000000,0.000000,
2026-02-02,3717.655000,1.621000,3719.276000,0.999564
2026-02-03,3661.019000,12.894000,3673.913000,0.996490
2026-02-04,60.666000,0.072000,60.738000,0.998815
2026-02-05,3645.848000,67.934000,3713.782000,0.981708
2026-02-06,0.000000,0.000000,0.000000,
2026-02-07,0.000000,0.000000,0.000000,
2026-02-08,0.000000,0.000000,0.000000,
2026-02-09,0.000000,0.000000,0.000000,
2026-02-10,0.000000,0.000000,0.000000,
2026-02-11,0.000000,0.000000,0.000000,
2026-02-12,33.707000,0.021000,33.728000,0.999377
2026-02-13,3175.059000,1.093000,3176.152000,0.999656
2026-02-14,0.000000,0.000000,0.000000,
2026-02-15,766.178000,237.969000,1004.147000,0.763014
2026-02-16,0.000000,0.000000,0.000000,
2026-02-17,0.000000,0.000000,0.000000,
2026-02-18,0.000000,0.000000,0.000000,
2026-02-19,0.000000,0.000000,0.000000,
2026-02-20,1485.178000,155.325000,1640.503000,0.905319
2026-02-21,1669.912000,0.575000,1670.487000,0.999656
2026-02-22,16829.022000,1445.657000,18274.679000,0.920893
2026-02-23,5411.825000,1.494000,5413.319000,0.999724
2026-02-24,1042.411000,0.519000,1042.930000,0.999502
2026-02-25,263.937000,0.168000,264.105000,0.999364
2026-02-26,1902.395000,0.548000,1902.943000,0.999712
2026-02-27,0.000000,0.000000,0.000000,
2026-02-28,4.950000,0.000000,4.950000,1.000000
2026-03-01,13892.547000,879.137000,14771.684000,0.940485
2026-03-02,740.105000,17.732000,757.837000,0.976602
2026-03-03,0.000000,0.000000,0.000000,
2026-03-04,0.000000,0.000000,0.000000,
2026-03-05,0.000000,0.000000,0.000000,
2026-03-06,0.000000,0.000000,0.000000,
2026-03-07,464.628000,328.664000,793.292000,0.585696
2026-03-08,0.000000,0.000000,0.000000,
2026-03-09,0.000000,0.000000,0.000000,
2026-03-10,2992.820000,216.397000,3209.217000,0.932570
2026-03-11,4955.154000,1859.190000,6814.344000,0.727165
2026-03-12,5744.334000,249.388000,5993.722000,0.958392
2026-03-13,6583.643000,1576.049000,8159.692000,0.806849
2026-03-14,0.000000,0.000000,0.000000,
2026-03-15,11410.767000,1842.359000,13253.126000,0.860987
2026-03-16,5469.005000,247.716000,5716.721000,0.956668
2026-03-17,4275.310000,299.790000,4575.100000,0.934474
2026-03-18,0.000000,0.000000,0.000000,
2026-03-19,326.497000,0.066000,326.563000,0.999798
2026-03-20,0.000000,0.000000,0.000000,
2026-03-21,0.000000,0.000000,0.000000,
2026-03-22,0.000000,0.000000,0.000000,
2026-03-23,129.422000,0.021000,129.443000,0.999838
2026-03-24,7197.741000,437.005000,7634.746000,0.942761
2026-03-25,9522.528000,1451.973000,10974.501000,0.867696
2026-03-26,0.000000,0.284000,0.284000,0.000000
2026-03-27,3632.944000,637.564000,4270.508000,0.850705
2026-03-28,10464.098000,2540.604000,13004.702000,0.804640
2026-03-29,19720.818000,1792.376000,21513.194000,0.916685
2026-03-30,11393.923000,1151.722000,12545.645000,0.908197
2026-03-31,234.889000,89.292000,324.181000,0.724561
2026-04-01,2355.084000,812.739000,3167.823000,0.743439
2026-04-02,1659.044000,15.086000,1674.130000,0.990989
2026-04-03,14622.775000,2483.123000,17105.898000,0.854838
2026-04-04,10469.922000,744.307000,11214.229000,0.933628
2026-04-05,4031.897000,2796.792000,6828.689000,0.590435
2026-04-06,12956.473000,2172.946000,15129.419000,0.856376
2026-04-07,3326.578000,315.842000,3642.420000,0.913288
2026-04-08,0.000000,0.000000,0.000000,
2026-04-09,1812.644000,1208.174000,3020.818000,0.600051
2026-04-10,282.668000,37.686000,320.354000,0.882361
2026-04-11,20663.958000,2292.270000,22956.228000,0.900146
2026-04-12,7197.792000,1847.748000,9045.540000,0.795728
2026-04-13,347.080000,15.611000,362.691000,0.956958
2026-04-14,47.470000,0.041000,47.511000,0.999137
2026-04-15,4359.987000,1095.622000,5455.609000,0.799175
2026-04-16,3163.448000,365.850000,3529.298000,0.896339
2026-04-17,7563.584000,1976.285000,9539.869000,0.792839
2026-04-18,976.086000,547.394000,1523.480000,0.640695
2026-04-19,0.000000,0.000000,0.000000,
2026-04-20,0.000000,0.000000,0.000000,
2026-04-21,5306.140000,1610.813000,6916.953000,0.767121
2026-04-22,10234.312000,2231.819000,12466.131000,0.820969
2026-04-23,7222.769000,1401.539000,8624.308000,0.837490
2026-04-24,1849.324000,451.750000,2301.074000,0.803679
2026-04-25,0.000000,0.000000,0.000000,
2026-04-26,0.000000,0.000000,0.000000,
2026-04-27,0.000000,0.000000,0.000000,
2026-04-28,0.000000,0.000000,0.000000,
2026-04-29,5259.102000,1521.024000,6780.126000,0.775664
2026-04-30,1870.299000,328.393000,2198.692000,0.850642
2026-05-01,0.000000,0.000000,0.000000,
2026-05-02,0.000000,0.000000,0.000000,
2026-05-03,0.000000,0.000000,0.000000,
2026-05-04,0.000000,0.000000,0.000000,
2026-05-05,0.000000,0.000000,0.000000,
2026-05-06,152.962000,239.654000,392.616000,0.389597
2026-05-07,0.000000,0.000000,0.000000,
2026-05-08,0.000000,0.000000,0.000000,
2026-05-09,8139.800000,2731.810000,10871.610000,0.748721
2026-05-10,4352.908000,2564.085000,6916.993000,0.629306
2026-05-11,0.000000,0.000000,0.000000,
2026-05-12,4970.465000,1804.546000,6775.011000,0.733647
2026-05-13,1079.791000,1216.659000,2296.450000,0.470200
2026-05-14,0.000000,0.000000,0.000000,
2026-05-15,0.000000,0.000000,0.000000,
2026-05-16,0.000000,0.000000,0.000000,
2026-05-17,0.000000,0.000000,0.000000,
2026-05-18,0.000000,0.000000,0.000000,
2026-05-19,241.467000,136.135000,377.602000,0.639475
2026-05-20,154.692000,114.283000,268.975000,0.575117
2026-05-21,0.000000,0.000000,0.000000,
2026-05-22,332.018000,170.194000,502.212000,0.661111
2026-05-23,1929.893000,1431.021000,3360.914000,0.574217
2026-05-24,914.261000,670.018000,1584.279000,0.577083
2026-05-25,0.000000,0.000000,0.000000,
2026-05-26,0.000000,0.000000,0.000000,
2026-05-27,0.000000,0.000000,0.000000,
2026-05-28,0.000000,0.000000,0.000000,
2026-05-29,1005.403000,605.087000,1610.490000,0.624284
2026-05-30,0.000000,0.000000,0.000000,
2026-05-31,0.000000,0.000000,0.000000,
2026-06-01,0.000000,0.000000,0.000000,
2026-06-02,0.000000,0.000000,0.000000,
2026-06-03,807.503000,282.929000,1090.432000,0.740535
2026-06-04,7848.292000,2341.555000,10189.847000,0.770207
2026-06-05,1400.066000,452.396000,1852.462000,0.755787
2026-06-06,10214.512000,1838.219000,12052.731000,0.847485
2026-06-07,17365.998000,2078.726000,19444.724000,0.893096
2026-06-08,86.359000,53.077000,139.436000,0.619345
2026-06-09,1619.814000,1120.590000,2740.404000,0.591086
2026-06-10,2100.585000,1156.641000,3257.226000,0.644900
2026-06-11,170.317000,130.343000,300.660000,0.566477
2026-06-12,3637.891000,2132.691000,5770.582000,0.630420
2026-06-13,1566.206000,1419.869000,2986.075000,0.524503
2026-06-14,889.687000,724.972000,1614.659000,0.551006
2026-06-15,0.000000,0.000000,0.000000,
2026-06-16,0.000000,0.000000,0.000000,
2026-06-17,565.510000,204.672000,770.182000,0.734255
2026-06-18,1.772000,1.349000,3.121000,0.567767
2026-06-19,0.000000,0.000000,0.000000,
2026-06-20,0.000000,0.000000,0.000000,
2026-06-21,0.000000,0.000000,0.000000,
2026-06-22,0.000000,0.000000,0.000000,
2026-06-23,0.000000,0.000000,0.000000,
2026-06-24,0.000000,0.000000,0.000000,
2026-06-25,0.000000,0.000000,0.000000,
2026-06-26,0.000000,0.000000,0.000000,
2026-06-27,3637.459000,1669.752000,5307.211000,0.685381
2026-06-28,13462.548000,4286.339000,17748.887000,0.758501
2026-06-29,0.000000,0.000000,0.000000,
2026-06-30,0.000000,0.000000,0.000000,
2026-07-01,425.580000,73.710000,499.290000,0.852370
2026-07-02,223.655000,17.702000,241.357000,0.926656
2026-07-03,0.000000,0.000000,0.000000,
2026-07-04,5474.649000,1854.497000,7329.146000,0.746970
2026-07-05,922.971000,692.329000,1615.300000,0.571393
2026-07-06,0.000000,0.000000,0.000000,
2026-07-07,0.000000,0.000000,0.000000,
2026-07-08,0.000000,0.000000,0.000000,
2026-07-09,0.000000,0.000000,0.000000,
2026-07-10,0.000000,0.000000,0.000000,
2026-07-11,0.000000,0.000000,0.000000,
2026-07-12,4995.166000,2848.763000,7843.929000,0.636819
2026-07-13,859.890000,219.124000,1079.014000,0.796922
2026-07-14,0.000000,0.000000,0.000000,
2026-07-15,0.000000,0.000000,0.000000,
2026-07-16,0.000000,0.000000,0.000000,
2026-07-17,0.000000,0.000000,0.000000,
2026-07-18,4332.811000,5044.380000,9377.191000,0.462059
2026-07-19,809.454000,1707.079000,2516.533000,0.321654
2026-07-20,14.726000,18.510000,33.236000,0.443074
2026-07-21,0.000000,0.000000,0.000000,
2026-07-22,0.000000,0.000000,0.000000,
2026-07-23,0.000000,0.000000,0.000000,
2026-07-24,541.040000,494.294000,1035.334000,0.522575
2026-07-25,11075.303000,1924.036000,12999.339000,0.851990
2026-07-26,5038.378000,2750.410000,7788.788000,0.646876
2026-07-27,0.000000,0.000000,0.000000,
2026-07-28,1087.513000,585.090000,1672.603000,0.650192
2026-07-29,0.000000,0.000000,0.000000,
2026-07-30,1004.157000,622.430000,1626.587000,0.617340
2026-07-31,173.670000,105.253000,278.923000,0.622645
2026-08-01,820.787000,1222.486000,2043.273000,0.401702
2026-08-02,0.000000,0.000000,0.000000,
2026-08-03,1713.547000,1275.278000,2988.825000,0.573318
2026-08-04,24.012000,0.012000,24.024000,0.999500
2026-08-05,12576.959000,3491.651000,16068.610000,0.782704
2026-08-06,0.000000,0.000000,0.000000,
2026-08-07,2771.359000,1637.462000,4408.821000,0.628594
2026-08-08,3377.399000,2850.379000,6227.778000,0.542312
2026-08-09,1275.751000,853.675000,2129.426000,0.599106
2026-08-10,0.000000,0.000000,0.000000,
2026-08-11,479.245000,433.325000,912.570000,0.525160
2026-08-12,0.000000,0.000000,0.000000,
2026-08-13,0.000000,0.000000,0.000000,
2026-08-14,0.000000,0.000000,0.000000,
2026-08-15,0.000000,0.000000,0.000000,
2026-08-16,0.000000,0.000000,0.000000,
2026-08-17,0.000000,0.000000,0.000000,
2026-08-18,0.000000,0.000000,0.000000,
2026-08-19,0.000000,0.000000,0.000000,
2026-08-20,0.000000,0.000000,0.000000,
2026-08-21,0.000000,0.000000,0.000000,
2026-08-22,0.000000,0.000000,0.000000,
2026-08-23,4.775000,28.604000,33.379000,0.143054
2026-08-24,0.000000,0.000000,0.000000,
2026-08-25,0.000000,0.000000,0.000000,
2026-08-26,0.000000,0.000000,0.000000,
2026-08-27,0.000000,0.000000,0.000000,
2026-08-28,0.000000,0.000000,0.000000,
2026-08-29,0.000000,0.000000,0.000000,
2026-08-30,0.000000,0.000000,0.000000,
